exit_time,equity
2020-03-13 01:00:00,95000.0
2020-03-13 03:00:00,90000.0
2020-11-18 12:00:00,85000.0
2020-11-26 15:00:00,85853.48506401155
2020-12-01 01:00:00,80853.48506401155
2020-12-02 08:00:00,75853.48506401155
2020-12-17 04:00:00,70853.48506401155
2020-12-17 10:00:00,103166.56202632064
2020-12-21 13:00:00,98166.56202632064
2020-12-24 15:00:00,112480.33030037684
2020-12-27 03:00:00,107480.33030037684
2020-12-27 08:00:00,138626.09214661916
2020-12-27 10:00:00,133626.09214661916
2020-12-29 09:00:00,128626.09214661916
2020-12-30 04:00:00,155379.57567312004
2020-12-30 09:00:00,150379.57567312004
2020-12-31 02:00:00,145379.57567312004
2021-01-03 08:00:00,210521.5356710083
2021-01-04 02:00:00,205521.5356710083
2021-01-04 09:00:00,200521.5356710083
2021-01-04 11:00:00,260458.93208192184
2021-01-05 03:00:00,301082.4911695027
2021-01-05 07:00:00,296082.4911695027
2021-01-06 06:00:00,291082.4911695027
2021-01-07 01:00:00,286082.4911695027
2021-01-07 07:00:00,281082.4911695027
2021-01-07 11:00:00,276082.4911695027
2021-01-08 15:00:00,287292.0462138025
2021-01-09 04:00:00,282292.0462138025
2021-01-09 09:00:00,277292.0462138025
2021-01-10 08:00:00,272292.0462138025
2021-01-11 02:00:00,267292.0462138025
2021-01-11 07:00:00,342652.0349476539
2021-01-12 11:00:00,337652.0349476539
2021-01-13 02:00:00,332652.0349476539
2021-01-14 02:00:00,327652.0349476539
2021-01-14 15:00:00,376797.27763531724
2021-01-15 08:00:00,371797.27763531724
2021-01-16 13:00:00,366797.27763531724
2021-01-17 09:00:00,405301.7419210323
2021-01-17 15:00:00,426314.68870187236
2021-01-19 11:00:00,421314.68870187236
2021-01-20 01:00:00,416314.68870187236
2021-01-20 05:00:00,411314.68870187236
2021-01-20 15:00:00,407123.14070003486
2021-01-21 01:00:00,402123.14070003486
2021-01-21 13:00:00,444428.72143621725
2021-01-22 02:00:00,439428.72143621725
2021-01-23 15:00:00,458083.9396466759
2021-01-24 15:00:00,452269.9861583038
2021-01-25 05:00:00,447269.9861583038
2021-01-26 05:00:00,442269.9861583038
2021-01-27 01:00:00,437269.9861583038
2021-01-27 12:00:00,432269.9861583038
2021-01-28 08:00:00,427269.9861583038
2021-01-29 02:00:00,422269.9861583038
2021-01-29 10:00:00,474261.3167605268
2021-01-29 12:00:00,469261.3167605268
2021-01-30 09:00:00,464261.3167605268
2021-01-31 09:00:00,459261.3167605268
2021-01-31 11:00:00,454261.3167605268
2021-02-01 02:00:00,449261.3167605268
2021-02-01 07:00:00,444261.3167605268
2021-02-01 12:00:00,439261.3167605268
2021-02-02 01:00:00,434261.3167605268
2021-02-02 10:00:00,460125.4623773573
2021-02-02 15:00:00,471312.9962681647
2021-02-03 02:00:00,466312.9962681647
2021-02-03 09:00:00,461312.9962681647
2021-02-04 09:00:00,488985.25733154477
2021-02-05 11:00:00,483985.25733154477
2021-02-06 01:00:00,504259.1846250468
2021-02-06 10:00:00,528141.6197401115
2021-02-06 15:00:00,535447.6472127765
2021-02-07 03:00:00,530447.6472127765
2021-02-07 11:00:00,567456.6483894498
2021-02-08 13:00:00,595801.4941811697
2021-02-09 02:00:00,590801.4941811697
2021-02-09 07:00:00,585801.4941811697
2021-02-11 02:00:00,580801.4941811697
2021-02-11 14:00:00,613409.0801896527
2021-02-12 03:00:00,608409.0801896527
2021-02-13 13:00:00,603409.0801896527
2021-02-14 06:00:00,626486.2117823123
2021-02-14 10:00:00,621486.2117823123
2021-02-14 12:00:00,616486.2117823123
2021-02-15 03:00:00,644174.3152295654
2021-02-15 05:00:00,639174.3152295654
2021-02-15 15:00:00,662383.1951488387
2021-02-16 07:00:00,657383.1951488387
2021-02-17 15:00:00,665867.1567040338
2021-02-19 13:00:00,660867.1567040338
2021-02-20 03:00:00,655867.1567040338
2021-02-22 02:00:00,650867.1567040338
2021-02-22 08:00:00,645867.1567040338
2021-02-22 13:00:00,640867.1567040338
2021-02-23 09:00:00,714869.6450501
2021-02-23 12:00:00,709869.6450501
2021-02-24 06:00:00,704869.6450501
2021-02-24 11:00:00,699869.6450501
2021-02-26 01:00:00,694869.6450501
2021-02-26 06:00:00,689869.6450501
2021-02-26 09:00:00,684869.6450501
2021-02-27 03:00:00,679869.6450501
2021-02-28 04:00:00,674869.6450501
2021-02-28 07:00:00,669869.6450501
2021-03-01 15:00:00,691079.136403316
2021-03-02 01:00:00,686079.136403316
2021-03-03 10:00:00,713185.6732024669
2021-03-03 12:00:00,708185.6732024669
2021-03-04 06:00:00,703185.6732024669
2021-03-04 11:00:00,698185.6732024669
2021-03-05 03:00:00,693185.6732024669
2021-03-05 10:00:00,688185.6732024669
2021-03-06 10:00:00,683185.6732024669
2021-03-06 15:00:00,691297.7063974879
2021-03-07 09:00:00,715653.4838615598
2021-03-07 11:00:00,710653.4838615598
2021-03-08 03:00:00,705653.4838615598
2021-03-09 01:00:00,700653.4838615598
2021-03-09 03:00:00,695653.4838615598
2021-03-09 08:00:00,690653.4838615598
2021-03-10 02:00:00,685653.4838615598
2021-03-10 05:00:00,680653.4838615598
2021-03-11 11:00:00,675653.4838615598
2021-03-12 08:00:00,670653.4838615598
2021-03-13 15:00:00,682777.1520310211
2021-03-14 13:00:00,677777.1520310211
2021-03-15 01:00:00,672777.1520310211
2021-03-15 09:00:00,667777.1520310211
2021-03-15 15:00:00,691607.3080102239
2021-03-16 02:00:00,686607.3080102239
2021-03-16 07:00:00,681607.3080102239
2021-03-17 11:00:00,676607.3080102239
2021-03-18 08:00:00,671607.3080102239
2021-03-19 02:00:00,666607.3080102239
2021-03-21 05:00:00,661607.3080102239
2021-03-21 15:00:00,685934.4763206984
2021-03-23 11:00:00,680934.4763206984
2021-03-24 02:00:00,675934.4763206984
2021-03-24 07:00:00,670934.4763206984
2021-03-24 15:00:00,675738.2484340036
2021-03-25 03:00:00,670738.2484340036
2021-03-26 01:00:00,665738.2484340036
2021-03-26 08:00:00,660738.2484340036
2021-03-27 02:00:00,655738.2484340036
2021-03-27 06:00:00,650738.2484340036
2021-03-29 15:00:00,663896.6024181576
2021-03-30 05:00:00,658896.6024181576
2021-03-30 15:00:00,658506.2757316917
2021-03-31 07:00:00,653506.2757316917
2021-03-31 10:00:00,648506.2757316917
2021-04-01 09:00:00,643506.2757316917
2021-04-02 06:00:00,638506.2757316917
2021-04-04 14:00:00,657170.8393489366
2021-04-05 02:00:00,652170.8393489366
2021-04-06 02:00:00,647170.8393489366
2021-04-07 03:00:00,642170.8393489366
2021-04-07 07:00:00,637170.8393489366
2021-04-07 15:00:00,643202.4350917523
2021-04-09 08:00:00,638202.4350917523
2021-04-09 15:00:00,636390.6860702677
2021-04-10 05:00:00,652214.2044036733
2021-04-10 15:00:00,661661.8071771612
2021-04-12 10:00:00,656661.8071771612
2021-04-13 07:00:00,671202.0405967535
2021-04-13 09:00:00,666202.0405967535
2021-04-13 11:00:00,661202.0405967535
2021-04-14 10:00:00,656202.0405967535
2021-04-16 15:00:00,658526.1857014213
2021-04-17 10:00:00,653526.1857014213
2021-04-18 03:00:00,672414.9271156301
2021-04-18 08:00:00,719879.2246999467
2021-04-18 11:00:00,714879.2246999467
2021-04-19 09:00:00,709879.2246999467
2021-04-20 02:00:00,704879.2246999467
2021-04-20 04:00:00,699879.2246999467
2021-04-21 13:00:00,694879.2246999467
2021-04-22 10:00:00,689879.2246999467
2021-04-23 08:00:00,738932.6821125264
2021-04-24 15:00:00,744790.6416905923
2021-04-25 09:00:00,739790.6416905923
2021-04-26 15:00:00,770368.9794736626
2021-04-27 08:00:00,765368.9794736626
2021-04-29 06:00:00,760368.9794736626
2021-04-30 12:00:00,755368.9794736626
2021-05-01 10:00:00,750368.9794736626
2021-05-02 05:00:00,745368.9794736626
2021-05-03 08:00:00,765869.6681754721
2021-05-04 02:00:00,760869.6681754721
2021-05-04 10:00:00,755869.6681754721
2021-05-05 01:00:00,750869.6681754721
2021-05-05 10:00:00,745869.6681754721
2021-05-06 09:00:00,740869.6681754721
2021-05-06 13:00:00,735869.6681754721
2021-05-07 10:00:00,730869.6681754721
2021-05-07 12:00:00,725869.6681754721
2021-05-08 09:00:00,753775.0724093952
2021-05-09 06:00:00,748775.0724093952
2021-05-09 09:00:00,743775.0724093952
2021-05-10 09:00:00,738775.0724093952
2021-05-11 04:00:00,733775.0724093952
2021-05-12 02:00:00,728775.0724093952
2021-05-12 05:00:00,723775.0724093952
2021-05-13 01:00:00,718775.0724093952
2021-05-13 10:00:00,713775.0724093952
2021-05-14 05:00:00,708775.0724093952
2021-05-14 15:00:00,725067.2521631133
2021-05-15 06:00:00,720067.2521631133
2021-05-15 10:00:00,715067.2521631133
2021-05-16 01:00:00,710067.2521631133
2021-05-16 13:00:00,705067.2521631133
2021-05-17 03:00:00,700067.2521631133
2021-05-17 05:00:00,695067.2521631133
2021-05-19 04:00:00,690067.2521631133
2021-05-19 12:00:00,685067.2521631133
2021-05-20 02:00:00,680067.2521631133
2021-05-22 05:00:00,675067.2521631133
2021-05-22 12:00:00,670067.2521631133
2021-05-23 09:00:00,712598.6959800296
2021-05-23 13:00:00,707598.6959800296
2021-05-24 09:00:00,702598.6959800296
2021-05-25 02:00:00,697598.6959800296
2021-05-25 15:00:00,702526.1023724831
2021-05-26 07:00:00,744413.3413721287
2021-05-26 15:00:00,773730.0257242253
2021-05-27 03:00:00,768730.0257242253
2021-05-28 02:00:00,763730.0257242253
2021-05-28 06:00:00,758730.0257242253
2021-05-28 13:00:00,753730.0257242253
2021-05-30 02:00:00,748730.0257242253
2021-05-30 09:00:00,743730.0257242253
2021-05-31 08:00:00,738730.0257242253
2021-06-01 03:00:00,733730.0257242253
2021-06-02 07:00:00,728730.0257242253
2021-06-02 09:00:00,723730.0257242253
2021-06-03 08:00:00,718730.0257242253
2021-06-03 12:00:00,713730.0257242253
2021-06-04 04:00:00,708730.0257242253
2021-06-04 07:00:00,703730.0257242253
2021-06-04 09:00:00,698730.0257242253
2021-06-05 02:00:00,693730.0257242253
2021-06-07 03:00:00,688730.0257242253
2021-06-07 13:00:00,683730.0257242253
2021-06-08 03:00:00,678730.0257242253
2021-06-09 13:00:00,726528.5884679548
2021-06-10 01:00:00,721528.5884679548
2021-06-10 15:00:00,705695.4978380732
2021-06-11 04:00:00,700695.4978380732
2021-06-11 12:00:00,695695.4978380732
2021-06-12 06:00:00,728849.5810127638
2021-06-12 11:00:00,723849.5810127638
2021-06-13 06:00:00,718849.5810127638
2021-06-14 03:00:00,713849.5810127638
2021-06-14 07:00:00,708849.5810127638
2021-06-15 01:00:00,703849.5810127638
2021-06-17 01:00:00,698849.5810127638
2021-06-17 12:00:00,693849.5810127638
2021-06-18 08:00:00,688849.5810127638
2021-06-19 05:00:00,683849.5810127638
2021-06-20 11:00:00,714050.4719594256
2021-06-21 09:00:00,709050.4719594256
2021-06-21 12:00:00,704050.4719594256
2021-06-22 11:00:00,699050.4719594256
2021-06-23 02:00:00,694050.4719594256
2021-06-23 07:00:00,689050.4719594256
2021-06-23 12:00:00,684050.4719594256
2021-06-24 06:00:00,679050.4719594256
2021-06-25 04:00:00,674050.4719594256
2021-06-25 09:00:00,669050.4719594256
2021-06-25 15:00:00,703399.0287303666
2021-06-26 12:00:00,758506.3272978313
2021-06-27 15:00:00,788600.3517936869
2021-06-28 02:00:00,783600.3517936869
2021-06-28 09:00:00,778600.3517936869
2021-06-29 02:00:00,773600.3517936869
2021-06-29 15:00:00,790719.232912568
2021-06-30 15:00:00,807582.5438935264
2021-07-01 12:00:00,802582.5438935264
2021-07-02 07:00:00,797582.5438935264
2021-07-03 01:00:00,792582.5438935264
2021-07-03 12:00:00,787582.5438935264
2021-07-04 15:00:00,794042.199378567
2021-07-05 12:00:00,815308.1849292371
2021-07-06 10:00:00,810308.1849292371
2021-07-07 15:00:00,806283.5773284782
2021-07-08 08:00:00,801283.5773284782
2021-07-13 07:00:00,796283.5773284782
2021-07-14 04:00:00,818884.7189201157
2021-07-14 10:00:00,813884.7189201157
2021-07-15 15:00:00,818380.3019312131
2021-07-20 13:00:00,813380.3019312131
2021-07-21 06:00:00,808380.3019312131
2021-07-21 15:00:00,827643.6855029387
2021-07-22 01:00:00,822643.6855029387
2021-07-25 06:00:00,817643.6855029387
2021-07-26 02:00:00,837787.3645900971
2021-07-26 07:00:00,832787.3645900971
2021-07-27 07:00:00,827787.3645900971
2021-07-28 04:00:00,822787.3645900971
2021-07-28 13:00:00,817787.3645900971
2021-07-30 15:00:00,814549.039266907
2021-07-31 01:00:00,809549.039266907
2021-07-31 12:00:00,804549.039266907
2021-08-01 06:00:00,799549.039266907
2021-08-01 11:00:00,794549.039266907
2021-08-02 01:00:00,789549.039266907
2021-08-02 09:00:00,784549.039266907
2021-08-03 05:00:00,779549.039266907
2021-08-03 08:00:00,774549.039266907
2021-08-04 06:00:00,769549.039266907
2021-08-04 12:00:00,764549.039266907
2021-08-05 10:00:00,783286.7695357173
2021-08-05 13:00:00,778286.7695357173
2021-08-06 09:00:00,773286.7695357173
2021-08-07 13:00:00,805940.0678989852
2021-08-08 01:00:00,800940.0678989852
2021-08-08 11:00:00,795940.0678989852
2021-08-09 02:00:00,790940.0678989852
2021-08-09 15:00:00,807438.4892090753
2021-08-11 15:00:00,818616.8877678214
2021-08-12 01:00:00,813616.8877678214
2021-08-12 12:00:00,832832.4967548144
2021-08-13 05:00:00,827832.4967548144
2021-08-13 15:00:00,842772.2136864937
2021-08-14 11:00:00,837772.2136864937
2021-08-15 10:00:00,832772.2136864937
2021-08-16 05:00:00,827772.2136864937
2021-08-17 02:00:00,822772.2136864937
2021-08-17 09:00:00,817772.2136864937
2021-08-18 15:00:00,836005.4736676319
2021-08-19 06:00:00,831005.4736676319
2021-08-20 02:00:00,826005.4736676319
2021-08-20 12:00:00,821005.4736676319
2021-08-23 15:00:00,814667.6008663322
2021-08-24 04:00:00,809667.6008663322
2021-08-25 02:00:00,804667.6008663322
2021-08-25 11:00:00,799667.6008663322
2021-08-26 02:00:00,794667.6008663322
2021-08-26 08:00:00,814178.2450713535
2021-08-27 10:00:00,809178.2450713535
2021-08-28 03:00:00,804178.2450713535
2021-08-29 03:00:00,799178.2450713535
2021-08-30 05:00:00,794178.2450713535
2021-08-31 05:00:00,789178.2450713535
2021-09-01 05:00:00,784178.2450713535
2021-09-02 03:00:00,804258.0669351708
2021-09-02 15:00:00,798500.448623136
2021-09-03 05:00:00,818906.3027977619
2021-09-05 08:00:00,813906.3027977619
2021-09-06 12:00:00,808906.3027977619
2021-09-07 01:00:00,803906.3027977619
2021-09-07 11:00:00,798906.3027977619
2021-09-08 05:00:00,793906.3027977619
2021-09-08 09:00:00,835781.3066511021
2021-09-10 03:00:00,830781.3066511021
2021-09-10 15:00:00,856027.6253454521
2021-09-12 03:00:00,851027.6253454521
2021-09-12 09:00:00,846027.6253454521
2021-09-13 14:00:00,841027.6253454521
2021-09-14 13:00:00,857648.2807388329
2021-09-15 03:00:00,852648.2807388329
2021-09-15 15:00:00,855497.9402464285
2021-09-16 09:00:00,850497.9402464285
2021-09-18 15:00:00,859926.9933863238
2021-09-19 08:00:00,854926.9933863238
2021-09-20 08:00:00,882308.3331659716
2021-09-21 08:00:00,877308.3331659716
2021-09-23 12:00:00,872308.3331659716
2021-09-24 11:00:00,867308.3331659716
2021-09-26 10:00:00,893459.2528546385
2021-09-27 03:00:00,888459.2528546385
2021-09-28 08:00:00,883459.2528546385
2021-09-29 01:00:00,878459.2528546385
2021-09-29 10:00:00,873459.2528546385
2021-09-30 09:00:00,868459.2528546385
2021-10-01 11:00:00,894959.6755089076
2021-10-03 02:00:00,889959.6755089076
2021-10-05 02:00:00,884959.6755089076
2021-10-05 11:00:00,879959.6755089076
2021-10-06 05:00:00,874959.6755089076
2021-10-07 14:00:00,869959.6755089076
2021-10-08 10:00:00,864959.6755089076
2021-10-10 06:00:00,859959.6755089076
2021-10-11 14:00:00,887197.7570874103
2021-10-12 05:00:00,882197.7570874103
2021-10-13 15:00:00,869134.2463818358
2021-10-14 03:00:00,864134.2463818358
2021-10-15 11:00:00,859134.2463818358
2021-10-16 13:00:00,854134.2463818358
2021-10-19 06:00:00,849134.2463818358
2021-10-20 01:00:00,844134.2463818358
2021-10-21 08:00:00,839134.2463818358
2021-10-22 14:00:00,834134.2463818358
2021-10-25 14:00:00,859889.6745114668
2021-10-26 09:00:00,854889.6745114668
2021-10-27 09:00:00,882360.013373959
2021-10-27 15:00:00,890987.8772982785
2021-10-28 02:00:00,885987.8772982785
2021-10-28 10:00:00,880987.8772982785
2021-10-28 14:00:00,875987.8772982785
2021-10-30 11:00:00,870987.8772982785
2021-10-31 15:00:00,879289.0831058417
2021-11-01 09:00:00,874289.0831058417
2021-11-02 15:00:00,876678.663900575
2021-11-04 15:00:00,874267.660664329
2021-11-05 02:00:00,869267.660664329
2021-11-05 09:00:00,864267.660664329
2021-11-07 15:00:00,868560.27089532
2021-11-08 01:00:00,863560.27089532
2021-11-08 06:00:00,858560.27089532
2021-11-08 08:00:00,853560.27089532
2021-11-09 15:00:00,854477.2000699359
2021-11-10 02:00:00,849477.2000699359
2021-11-10 14:00:00,844477.2000699359
2021-11-11 04:00:00,839477.2000699359
2021-11-12 15:00:00,849305.209897946
2021-11-13 10:00:00,844305.209897946
2021-11-14 01:00:00,859334.3734346874
2021-11-15 15:00:00,850712.7645754513
2021-11-16 02:00:00,845712.7645754513
2021-11-16 04:00:00,840712.7645754513
2021-11-16 13:00:00,835712.7645754513
2021-11-18 11:00:00,830712.7645754513
2021-11-19 06:00:00,825712.7645754513
2021-11-20 15:00:00,826992.780959661
2021-11-21 01:00:00,821992.780959661
2021-11-21 09:00:00,816992.780959661
2021-11-21 12:00:00,811992.780959661
2021-11-22 14:00:00,806992.780959661
2021-11-23 10:00:00,801992.780959661
2021-11-23 12:00:00,796992.780959661
2021-11-25 02:00:00,791992.780959661
2021-11-25 12:00:00,786992.780959661
2021-11-26 08:00:00,804697.0041276406
2021-11-26 12:00:00,799697.0041276406
2021-11-27 01:00:00,794697.0041276406
2021-11-27 10:00:00,789697.0041276406
2021-11-29 10:00:00,784697.0041276406
2021-12-01 07:00:00,779697.0041276406
2021-12-01 10:00:00,774697.0041276406
2021-12-02 05:00:00,769697.0041276406
2021-12-04 05:00:00,803019.8788088533
2021-12-04 07:00:00,798019.8788088533
2021-12-04 12:00:00,793019.8788088533
2021-12-05 10:00:00,788019.8788088533
2021-12-06 13:00:00,823279.565610558
2021-12-07 13:00:00,818279.565610558
2021-12-08 05:00:00,813279.565610558
2021-12-08 13:00:00,838036.1641011139
2021-12-09 14:00:00,833036.1641011139
2021-12-12 05:00:00,828036.1641011139
2021-12-13 09:00:00,823036.1641011139
2021-12-15 13:00:00,818036.1641011139
2021-12-17 01:00:00,813036.1641011139
2021-12-17 15:00:00,850577.8246540732
2021-12-18 12:00:00,845577.8246540732
2021-12-19 03:00:00,840577.8246540732
2021-12-19 07:00:00,835577.8246540732
2021-12-20 08:00:00,830577.8246540732
2021-12-20 15:00:00,827598.9809672649
2021-12-21 05:00:00,850382.8376946745
2021-12-21 09:00:00,845382.8376946745
2021-12-22 10:00:00,840382.8376946745
2021-12-23 11:00:00,835382.8376946745
2021-12-24 03:00:00,830382.8376946745
2021-12-26 15:00:00,832833.4762553726
2021-12-27 08:00:00,827833.4762553726
2021-12-28 15:00:00,843384.578459782
2021-12-29 09:00:00,838384.578459782
2021-12-29 11:00:00,833384.578459782
2021-12-30 01:00:00,828384.578459782
2021-12-31 09:00:00,823384.578459782
2022-01-02 01:00:00,818384.578459782
2022-01-04 13:00:00,813384.578459782
2022-01-05 12:00:00,808384.578459782
2022-01-06 06:00:00,803384.578459782
2022-01-06 11:00:00,798384.578459782
2022-01-07 05:00:00,793384.578459782
2022-01-08 15:00:00,790954.5605920035
2022-01-10 06:00:00,785954.5605920035
2022-01-11 04:00:00,780954.5605920035
2022-01-13 07:00:00,775954.5605920035
2022-01-14 14:00:00,770954.5605920035
2022-01-21 01:00:00,765954.5605920035
2022-01-21 04:00:00,760954.5605920035
2022-01-22 05:00:00,755954.5605920035
2022-01-22 14:00:00,750954.5605920035
2022-01-23 15:00:00,738088.0471648579
2022-01-24 12:00:00,733088.0471648579
2022-01-26 08:00:00,728088.0471648579
2022-01-27 04:00:00,723088.0471648579
2022-01-28 02:00:00,718088.0471648579
2022-01-30 10:00:00,713088.0471648579
2022-01-31 15:00:00,727422.0566307132
2022-02-01 07:00:00,722422.0566307132
2022-02-03 15:00:00,726835.070911337
2022-02-04 07:00:00,748688.0332017805
2022-02-05 02:00:00,743688.0332017805
2022-02-07 15:00:00,764439.1142320492
2022-02-08 07:00:00,787561.0333271227
2022-02-11 02:00:00,782561.0333271227
2022-02-12 08:00:00,777561.0333271227
2022-02-14 04:00:00,772561.0333271227
2022-02-15 15:00:00,790730.7397634714
2022-02-21 04:00:00,785730.7397634714
2022-02-21 08:00:00,780730.7397634714
2022-02-23 02:00:00,775730.7397634714
2022-02-23 15:00:00,777796.4820104826
2022-02-24 04:00:00,799585.1396762683
2022-02-24 06:00:00,794585.1396762683
2022-02-25 06:00:00,789585.1396762683
2022-02-26 03:00:00,784585.1396762683
2022-02-27 04:00:00,779585.1396762683
2022-03-01 11:00:00,774585.1396762683
2022-03-02 01:00:00,769585.1396762683
2022-03-03 08:00:00,764585.1396762683
2022-03-04 15:00:00,785854.6087769222
2022-03-07 04:00:00,780854.6087769222
2022-03-08 15:00:00,782941.8072926921
2022-03-09 04:00:00,806567.9581989403
2022-03-09 15:00:00,819309.5679691103
2022-03-10 05:00:00,842764.2682557389
2022-03-10 09:00:00,837764.2682557389
2022-03-11 04:00:00,832764.2682557389
2022-03-16 04:00:00,827764.2682557389
2022-03-21 14:00:00,845297.8835578032
2022-03-22 05:00:00,864759.3241070777
2022-03-22 15:00:00,865948.9672141456
2022-03-24 15:00:00,874056.0650133138
2022-03-28 14:00:00,890459.4839212819
2022-03-30 15:00:00,897119.4621482762
2022-04-01 03:00:00,916962.8238472
2022-04-01 05:00:00,911962.8238472
2022-04-02 02:00:00,906962.8238472
2022-04-03 05:00:00,901962.8238472
2022-04-04 15:00:00,903873.6657033224
2022-04-05 11:00:00,898873.6657033224
2022-04-06 01:00:00,916576.2436118829
2022-04-07 01:00:00,911576.2436118829
2022-04-09 05:00:00,906576.2436118829
2022-04-11 05:00:00,901576.2436118829
2022-04-11 13:00:00,920299.6420621726
2022-04-12 04:00:00,915299.6420621726
2022-04-14 05:00:00,910299.6420621726
2022-04-18 15:00:00,920457.1344953538
2022-04-19 03:00:00,915457.1344953538
2022-04-22 12:00:00,910457.1344953538
2022-04-25 03:00:00,905457.1344953538
2022-04-25 15:00:00,921663.7757813096
2022-04-29 12:00:00,916663.7757813096
2022-05-02 15:00:00,922041.6416177094
2022-05-04 10:00:00,917041.6416177094
2022-05-08 03:00:00,912041.6416177094
2022-05-08 06:00:00,907041.6416177094
2022-05-09 01:00:00,902041.6416177094
2022-05-09 03:00:00,897041.6416177094
2022-05-09 05:00:00,892041.6416177094
2022-05-09 13:00:00,887041.6416177094
2022-05-10 02:00:00,882041.6416177094
2022-05-11 09:00:00,877041.6416177094
2022-05-12 06:00:00,872041.6416177094
2022-05-12 08:00:00,867041.6416177094
2022-05-13 01:00:00,862041.6416177094
2022-05-13 15:00:00,897539.1523590309
2022-05-14 06:00:00,892539.1523590309
2022-05-16 01:00:00,887539.1523590309
2022-05-22 12:00:00,882539.1523590309
2022-05-24 05:00:00,877539.1523590309
2022-05-24 15:00:00,889307.0685851118
2022-06-07 03:00:00,884307.0685851118
2022-06-07 15:00:00,896467.1766749613
2022-06-13 02:00:00,926768.3470926941
2022-06-13 04:00:00,921768.3470926941
2022-06-13 14:00:00,968126.5739481774
2022-06-14 01:00:00,963126.5739481774
2022-06-14 06:00:00,1040718.2225713264
2022-06-15 06:00:00,1035718.2225713264
2022-06-15 12:00:00,1030718.2225713264
2022-06-16 12:00:00,1025718.2225713264
2022-06-17 01:00:00,1020718.2225713264
2022-06-18 15:00:00,1020127.8970266051
2022-06-19 04:00:00,1015127.8970266051
2022-06-19 07:00:00,1010127.8970266051
2022-06-19 15:00:00,1032428.5237195984
2022-06-20 13:00:00,1027428.5237195984
2022-07-01 02:00:00,1022428.5237195984
2022-07-01 05:00:00,1061152.9607903278
2022-07-01 10:00:00,1056152.9607903278
2022-07-08 04:00:00,1051152.9607903278
2022-07-19 15:00:00,1074493.2568578965
2022-07-20 15:00:00,1096834.6330866723
2022-07-21 08:00:00,1091834.6330866723
2022-11-09 04:00:00,1086834.6330866723
2022-11-09 11:00:00,1134779.1752424673
2022-11-11 05:00:00,1129779.1752424673
2023-01-14 02:00:00,1124779.1752424673
2023-01-14 15:00:00,1131936.688245283
2023-02-16 12:00:00,1126936.688245283
2023-02-17 15:00:00,1141844.412389039
2023-03-13 15:00:00,1206562.0083340066
2023-03-14 08:00:00,1201562.0083340066
2023-03-17 13:00:00,1196562.0083340066
2023-03-18 08:00:00,1191562.0083340066
2023-04-27 09:00:00,1186562.0083340066
2023-06-22 07:00:00,1181562.0083340066
2023-06-24 09:00:00,1176562.0083340066
2023-08-18 06:00:00,1171562.0083340066
2023-10-24 01:00:00,1166562.0083340066
2023-10-24 03:00:00,1161562.0083340066
2023-10-24 11:00:00,1156562.0083340066
2023-11-02 03:00:00,1151562.0083340066
2023-11-02 14:00:00,1146562.0083340066
2023-11-09 14:00:00,1166938.9973758457
2023-11-16 01:00:00,1161938.9973758457
2023-11-22 15:00:00,1172671.6541254635
2023-11-29 15:00:00,1168199.9704050226
2023-12-04 12:00:00,1185736.439977746
2023-12-11 15:00:00,1183830.679817662
2023-12-12 11:00:00,1178830.679817662
2023-12-13 08:00:00,1173830.679817662
2023-12-16 02:00:00,1168830.679817662
2023-12-18 03:00:00,1163830.679817662
2023-12-19 15:00:00,1154928.0465124422
2023-12-20 14:00:00,1172303.7794548727
2024-01-02 01:00:00,1188813.4193768606
2024-01-02 03:00:00,1183813.4193768606
2024-01-02 06:00:00,1178813.4193768606
2024-01-02 15:00:00,1175957.7200600316
2024-01-08 07:00:00,1193596.8511841795
2024-01-09 13:00:00,1188596.8511841795
2024-01-10 15:00:00,1208184.9978441496
2024-01-11 15:00:00,1247471.4750926003
2024-01-12 12:00:00,1242471.4750926003
2024-01-13 15:00:00,1242774.6043189212
2024-01-19 07:00:00,1237774.6043189212
2024-01-20 10:00:00,1232774.6043189212
2024-01-22 12:00:00,1227774.6043189212
2024-01-23 01:00:00,1222774.6043189212
2024-01-23 12:00:00,1246209.5720134568
2024-01-24 04:00:00,1241209.5720134568
2024-01-24 15:00:00,1241636.3966889447
2024-01-30 15:00:00,1244340.4736049103
2024-01-31 15:00:00,1244690.1891695843
2024-02-01 03:00:00,1239690.1891695843
2024-02-02 05:00:00,1234690.1891695843
2024-02-08 15:00:00,1247691.19961081
2024-02-09 04:00:00,1263334.0049562983
2024-02-09 13:00:00,1278909.8793913543
2024-02-12 03:00:00,1273909.8793913543
2024-02-14 10:00:00,1291541.8566474703
2024-02-14 12:00:00,1286541.8566474703
2024-02-15 02:00:00,1281541.8566474703
2024-02-15 15:00:00,1288855.3436340461
2024-02-16 11:00:00,1283855.3436340461
2024-02-18 04:00:00,1278855.3436340461
2024-02-21 11:00:00,1299832.8956351453
2024-02-22 12:00:00,1294832.8956351453
2024-02-23 11:00:00,1289832.8956351453
2024-02-27 13:00:00,1316025.2172922539
2024-02-28 09:00:00,1332641.4572366085
2024-02-28 11:00:00,1327641.4572366085
2024-02-29 01:00:00,1322641.4572366085
2024-02-29 06:00:00,1317641.4572366085
2024-03-01 04:00:00,1312641.4572366085
2024-03-01 15:00:00,1310113.154742124
2024-03-04 08:00:00,1305113.154742124
2024-03-04 10:00:00,1300113.154742124
2024-03-05 04:00:00,1295113.154742124
2024-03-06 05:00:00,1290113.154742124
2024-03-06 11:00:00,1285113.154742124
2024-03-09 11:00:00,1280113.154742124
2024-03-10 10:00:00,1290405.3667616914
2024-03-11 08:00:00,1308067.8576744215
2024-03-11 15:00:00,1312741.7980154098
2024-03-13 15:00:00,1310700.503172438
2024-03-14 05:00:00,1305700.503172438
2024-03-15 04:00:00,1300700.503172438
2024-03-15 10:00:00,1295700.503172438
2024-03-16 03:00:00,1290700.503172438
2024-03-17 08:00:00,1285700.503172438
2024-03-18 09:00:00,1280700.503172438
2024-03-19 03:00:00,1275700.503172438
2024-03-19 07:00:00,1270700.503172438
2024-03-19 12:00:00,1302497.053042677
2024-03-20 01:00:00,1297497.053042677
2024-03-21 10:00:00,1292497.053042677
2024-03-23 15:00:00,1310820.3540438311
2024-03-25 01:00:00,1305820.3540438311
2024-03-25 07:00:00,1300820.3540438311
2024-03-26 15:00:00,1299371.7373307708
2024-03-28 05:00:00,1294371.7373307708
2024-03-28 14:00:00,1311548.7764125303
2024-03-29 15:00:00,1312757.2270366596
2024-04-01 02:00:00,1307757.2270366596
2024-04-01 08:00:00,1302757.2270366596
2024-04-02 05:00:00,1297757.2270366596
2024-04-02 15:00:00,1303822.58809161
2024-04-03 12:00:00,1298822.58809161
2024-04-04 08:00:00,1293822.58809161
2024-04-04 14:00:00,1308448.7509861551
2024-04-05 02:00:00,1303448.7509861551
2024-04-05 11:00:00,1298448.7509861551
2024-04-06 03:00:00,1293448.7509861551
2024-04-07 02:00:00,1288448.7509861551
2024-04-07 15:00:00,1289282.9112887539
2024-04-08 10:00:00,1304872.7248936386
2024-04-08 15:00:00,1314772.2091802815
2024-04-09 08:00:00,1329243.9978957681
2024-04-09 15:00:00,1312297.0122715847
2024-04-10 04:00:00,1307297.0122715847
2024-04-11 05:00:00,1302297.0122715847
2024-04-11 11:00:00,1297297.0122715847
2024-04-12 13:00:00,1292297.0122715847
2024-04-13 03:00:00,1287297.0122715847
2024-04-14 05:00:00,1282297.0122715847
2024-04-15 01:00:00,1277297.0122715847
2024-04-15 12:00:00,1272297.0122715847
2024-04-16 06:00:00,1267297.0122715847
2024-04-18 15:00:00,1297269.9409946958
2024-04-19 04:00:00,1292269.9409946958
2024-04-20 12:00:00,1287269.9409946958
2024-04-21 15:00:00,1285916.0740121268
2024-04-22 05:00:00,1280916.0740121268
2024-04-22 12:00:00,1275916.0740121268
2024-04-23 15:00:00,1266132.8745435597
2024-04-24 03:00:00,1261132.8745435597
2024-04-25 15:00:00,1272174.5737470584
2024-04-26 15:00:00,1276320.006757796
2024-04-27 15:00:00,1275002.5046148708
2024-04-28 15:00:00,1275679.4887293598
2024-04-29 14:00:00,1288704.5649592786
2024-04-30 02:00:00,1283704.5649592786
2024-04-30 15:00:00,1290163.4884720265
2024-05-01 08:00:00,1319206.671208439
2024-05-01 15:00:00,1327747.5214272323
2024-05-03 08:00:00,1322747.5214272323
2024-05-04 02:00:00,1317747.5214272323
2024-05-04 08:00:00,1312747.5214272323
2024-05-04 14:00:00,1307747.5214272323
2024-05-05 08:00:00,1302747.5214272323
2024-05-06 04:00:00,1297747.5214272323
2024-05-06 11:00:00,1292747.5214272323
2024-05-07 11:00:00,1287747.5214272323
2024-05-08 14:00:00,1282747.5214272323
2024-05-09 03:00:00,1277747.5214272323
2024-05-09 13:00:00,1272747.5214272323
2024-05-10 12:00:00,1267747.5214272323
2024-05-13 11:00:00,1262747.5214272323
2024-05-14 11:00:00,1257747.5214272323
2024-05-15 11:00:00,1252747.5214272323
2024-05-16 15:00:00,1248224.8931600493
2024-05-17 15:00:00,1252670.0095797651
2024-05-18 15:00:00,1249881.1708999148
2024-05-20 15:00:00,1245160.0449784019
2024-05-21 02:00:00,1240160.0449784019
2024-05-22 15:00:00,1237242.2579196456
2024-05-24 15:00:00,1227845.7459286852
2024-05-27 09:00:00,1222845.7459286852
2024-05-28 10:00:00,1217845.7459286852
2024-05-29 07:00:00,1212845.7459286852
2024-05-31 13:00:00,1207845.7459286852
2024-06-03 14:00:00,1221419.7319177638
2024-06-04 11:00:00,1216419.7319177638
2024-06-05 15:00:00,1218651.6540547586
2024-06-06 13:00:00,1213651.6540547586
2024-06-08 15:00:00,1211081.1827054054
2024-06-11 05:00:00,1224939.2481867913
2024-06-11 09:00:00,1219939.2481867913
2024-06-11 11:00:00,1214939.2481867913
2024-06-12 13:00:00,1225823.4318152305
2024-06-13 13:00:00,1220823.4318152305
2024-06-15 15:00:00,1218846.3120711995
2024-06-18 15:00:00,1227983.6161081155
2024-06-21 09:00:00,1243819.1800352829
2024-06-21 13:00:00,1238819.1800352829
2024-06-24 10:00:00,1233819.1800352829
2024-06-24 15:00:00,1233721.0446083937
2024-06-25 11:00:00,1228721.0446083937
2024-06-26 14:00:00,1223721.0446083937
2024-06-27 10:00:00,1218721.0446083937
2024-06-28 05:00:00,1213721.0446083937
2024-06-28 12:00:00,1208721.0446083937
2024-07-01 02:00:00,1203721.0446083937
2024-07-01 15:00:00,1212880.8677290508
2024-07-02 13:00:00,1207880.8677290508
2024-07-03 04:00:00,1220852.9637405882
2024-07-03 10:00:00,1215852.9637405882
2024-07-03 15:00:00,1217064.0392752034
2024-07-04 09:00:00,1238527.0880394639
2024-07-05 05:00:00,1233527.0880394639
2024-07-05 07:00:00,1228527.0880394639
2024-07-06 15:00:00,1234109.0566959176
2024-07-07 02:00:00,1229109.0566959176
2024-07-07 10:00:00,1224109.0566959176
2024-07-08 01:00:00,1219109.0566959176
2024-07-08 09:00:00,1244970.181996947
2024-07-09 08:00:00,1239970.181996947
2024-07-10 05:00:00,1259004.9383387936
2024-07-10 13:00:00,1279207.349750518
2024-07-11 15:00:00,1270813.9206064765
2024-07-12 03:00:00,1265813.9206064765
2024-07-14 05:00:00,1260813.9206064765
2024-07-14 07:00:00,1255813.9206064765
2024-07-15 02:00:00,1250813.9206064765
2024-07-15 15:00:00,1259784.1796406948
2024-07-16 06:00:00,1254784.1796406948
2024-07-17 09:00:00,1249784.1796406948
2024-07-18 08:00:00,1244784.1796406948
2024-07-19 03:00:00,1239784.1796406948
2024-07-21 06:00:00,1234784.1796406948
2024-07-23 07:00:00,1229784.1796406948
2024-07-24 09:00:00,1224784.1796406948
2024-07-24 15:00:00,1231285.6996719984
2024-07-25 03:00:00,1226285.6996719984
2024-07-25 15:00:00,1237321.1943181446
2024-07-26 14:00:00,1260821.8071055508
2024-07-27 14:00:00,1279183.302994063
2024-07-28 13:00:00,1274183.302994063
2024-07-29 02:00:00,1269183.302994063
2024-07-29 14:00:00,1264183.302994063
2024-07-30 15:00:00,1275625.5674841036
2024-07-31 06:00:00,1270625.5674841036
2024-08-01 10:00:00,1265625.5674841036
2024-08-02 08:00:00,1260625.5674841036
2024-08-03 03:00:00,1255625.5674841036
2024-08-05 02:00:00,1288947.2435668744
2024-08-05 04:00:00,1283947.2435668744
2024-08-05 07:00:00,1335966.9921007897
2024-08-05 12:00:00,1330966.9921007897
2024-08-06 05:00:00,1325966.9921007897
2024-08-07 03:00:00,1320966.9921007897
2024-08-07 12:00:00,1315966.9921007897
2024-08-10 15:00:00,1313713.8138036663
2024-08-12 08:00:00,1308713.8138036663
2024-08-14 14:00:00,1303713.8138036663
2024-08-15 12:00:00,1298713.8138036663
2024-08-16 03:00:00,1293713.8138036663
2024-08-16 12:00:00,1288713.8138036663
2024-08-17 15:00:00,1290501.7569943015
2024-08-19 10:00:00,1285501.7569943015
2024-08-20 02:00:00,1303738.0737618813
2024-08-20 05:00:00,1298738.0737618813
2024-08-20 09:00:00,1293738.0737618813
2024-08-21 03:00:00,1288738.0737618813
2024-08-21 10:00:00,1283738.0737618813
2024-08-22 14:00:00,1278738.0737618813
2024-08-23 15:00:00,1278721.638557674
2024-08-24 15:00:00,1279875.688649686
2024-08-27 02:00:00,1274875.688649686
2024-08-27 15:00:00,1286594.0021065888
2024-08-28 01:00:00,1281594.0021065888
2024-08-28 10:00:00,1276594.0021065888
2024-08-29 15:00:00,1299041.9178974782
2024-08-30 07:00:00,1294041.9178974782
2024-08-30 12:00:00,1289041.9178974782
2024-08-31 09:00:00,1284041.9178974782
2024-09-01 15:00:00,1287384.209951782
2024-09-03 05:00:00,1282384.209951782
2024-09-04 01:00:00,1277384.209951782
2024-09-04 03:00:00,1272384.209951782
2024-09-04 07:00:00,1267384.209951782
2024-09-05 08:00:00,1262384.209951782
2024-09-06 11:00:00,1257384.209951782
2024-09-07 15:00:00,1262035.5437631179
2024-09-09 15:00:00,1256727.8612096335
2024-09-10 15:00:00,1256165.5402297892
2024-09-12 14:00:00,1251165.5402297892
2024-09-16 03:00:00,1264674.4243204517
2024-09-16 15:00:00,1280846.6551671058
2024-09-17 07:00:00,1275846.6551671058
2024-09-17 15:00:00,1301518.2157053752
2024-09-18 06:00:00,1296518.2157053752
2024-09-19 13:00:00,1321424.0471785897
2024-09-20 09:00:00,1316424.0471785897
2024-09-21 15:00:00,1310157.745250986
2024-09-23 04:00:00,1305157.745250986
2024-09-24 07:00:00,1300157.745250986
2024-09-24 10:00:00,1295157.745250986
2024-09-25 15:00:00,1292311.87804764
2024-09-26 03:00:00,1287311.87804764
2024-09-26 13:00:00,1299031.4410902278
2024-09-27 03:00:00,1294031.4410902278
2024-09-27 15:00:00,1307474.4802264476
2024-09-30 10:00:00,1302474.4802264476
2024-09-30 13:00:00,1297474.4802264476
2024-10-01 13:00:00,1292474.4802264476
2024-10-02 07:00:00,1287474.4802264476
2024-10-03 10:00:00,1282474.4802264476
2024-10-04 15:00:00,1278180.1913053878
2024-10-07 10:00:00,1273180.1913053878
2024-10-08 14:00:00,1268180.1913053878
2024-10-10 11:00:00,1263180.1913053878
2024-10-11 15:00:00,1275048.510260321
2024-10-14 15:00:00,1304416.6502781196
2024-10-16 05:00:00,1299416.6502781196
2024-10-16 14:00:00,1294416.6502781196
2024-10-17 15:00:00,1295368.2382405319
2024-10-18 04:00:00,1290368.2382405319
2024-10-22 07:00:00,1285368.2382405319
2024-10-22 12:00:00,1280368.2382405319
2024-10-23 15:00:00,1285292.9456021462
2024-10-24 10:00:00,1280292.9456021462
2024-10-26 06:00:00,1275292.9456021462
2024-10-28 14:00:00,1286818.4352082042
2024-10-29 06:00:00,1281818.4352082042
2024-10-31 14:00:00,1276818.4352082042
2024-11-01 11:00:00,1271818.4352082042
2024-11-03 15:00:00,1266350.0182561115
2024-11-05 15:00:00,1283662.8865182777
2024-11-06 02:00:00,1278662.8865182777
2024-11-06 15:00:00,1289229.2548082233
2024-11-10 04:00:00,1284229.2548082233
2024-11-10 07:00:00,1279229.2548082233
2024-11-10 15:00:00,1277869.1389465018
2024-11-11 03:00:00,1272869.1389465018
2024-11-11 05:00:00,1267869.1389465018
2024-11-11 15:00:00,1275204.4609671386
2024-11-12 01:00:00,1270204.4609671386
2024-11-12 08:00:00,1265204.4609671386
2024-11-15 06:00:00,1260204.4609671386
2024-11-15 15:00:00,1261770.0712196492
2024-11-16 12:00:00,1256770.0712196492
2024-11-17 05:00:00,1251770.0712196492
2024-11-18 12:00:00,1246770.0712196492
2024-11-21 03:00:00,1241770.0712196492
2024-11-21 12:00:00,1263797.2734560855
2024-11-22 14:00:00,1258797.2734560855
2024-11-25 14:00:00,1253797.2734560855
2024-11-26 15:00:00,1255590.6890588012
2024-11-27 13:00:00,1250590.6890588012
2024-11-28 12:00:00,1245590.6890588012
2024-11-29 07:00:00,1240590.6890588012
2024-11-29 15:00:00,1252314.9267251098
2024-11-30 14:00:00,1247314.9267251098
2024-12-01 05:00:00,1242314.9267251098
2024-12-02 04:00:00,1237314.9267251098
2024-12-02 15:00:00,1234596.9694626445
2024-12-03 15:00:00,1233217.9204800879
2024-12-04 03:00:00,1228217.9204800879
2024-12-04 13:00:00,1223217.9204800879
2024-12-05 15:00:00,1247244.3257373504
2024-12-06 01:00:00,1242244.3257373504
2024-12-08 12:00:00,1237244.3257373504
2024-12-09 01:00:00,1232244.3257373504
2024-12-09 15:00:00,1222175.689689819
2024-12-10 13:00:00,1217175.689689819
2024-12-11 15:00:00,1235205.691941011
2024-12-14 03:00:00,1230205.691941011
2024-12-15 15:00:00,1237913.1418229998
2024-12-16 01:00:00,1252128.3292443904
2024-12-16 13:00:00,1270266.154765136
2024-12-17 15:00:00,1285755.7500430653
2024-12-18 15:00:00,1292655.5925777794
2024-12-19 03:00:00,1287655.5925777794
2024-12-20 03:00:00,1282655.5925777794
2024-12-20 15:00:00,1279433.341200188
2024-12-21 03:00:00,1274433.341200188
2024-12-21 12:00:00,1269433.341200188
2024-12-22 07:00:00,1264433.341200188
2024-12-24 06:00:00,1259433.341200188
2024-12-25 13:00:00,1254433.341200188
2024-12-26 02:00:00,1249433.341200188
2024-12-26 15:00:00,1259026.9149624924
2024-12-27 09:00:00,1254026.9149624924
2025-01-02 02:00:00,1249026.9149624924
2025-01-02 15:00:00,1265584.4531923106
2025-01-03 15:00:00,1262714.6411287396
2025-01-04 15:00:00,1261754.8012382023
2025-01-05 15:00:00,1260424.0475197693
2025-01-06 15:00:00,1283257.6824039842
2025-01-07 15:00:00,1294846.5964980768
2025-01-08 15:00:00,1307680.9655875124
2025-01-10 14:00:00,1302680.9655875124
2025-01-11 11:00:00,1297680.9655875124
2025-01-13 02:00:00,1292680.9655875124
2025-01-13 11:00:00,1312047.5211799743
2025-01-14 15:00:00,1327911.830702779
2025-01-17 03:00:00,1322911.830702779
2025-01-17 15:00:00,1332785.5413354025
2025-01-19 06:00:00,1327785.5413354025
2025-01-19 09:00:00,1322785.5413354025
2025-01-20 01:00:00,1317785.5413354025
2025-01-20 07:00:00,1352376.1393271093
2025-01-21 01:00:00,1347376.1393271093
2025-01-23 11:00:00,1368404.9687071166
2025-01-25 04:00:00,1363404.9687071166
2025-01-25 15:00:00,1361842.977791579
2025-01-26 15:00:00,1357644.3110356468
2025-01-27 01:00:00,1352644.3110356468
2025-01-27 03:00:00,1347644.3110356468
2025-01-27 07:00:00,1342644.3110356468
2025-01-30 15:00:00,1351222.5794224003
2025-01-31 15:00:00,1355704.5122318796
2025-02-01 15:00:00,1356381.586876906
2025-02-02 12:00:00,1351381.586876906
2025-02-03 15:00:00,1387743.2567882189
2025-02-04 10:00:00,1382743.2567882189
2025-02-05 12:00:00,1377743.2567882189
2025-02-06 15:00:00,1370112.0672144708
2025-02-07 15:00:00,1397257.345291809
2025-02-08 15:00:00,1400101.4096050297
2025-02-09 14:00:00,1395101.4096050297
2025-02-11 14:00:00,1390101.4096050297
2025-02-12 06:00:00,1385101.4096050297
2025-02-12 14:00:00,1380101.4096050297
2025-02-14 06:00:00,1375101.4096050297
2025-02-14 13:00:00,1370101.4096050297
2025-02-15 14:00:00,1365101.4096050297
2025-02-17 15:00:00,1371560.135124796
2025-02-19 15:00:00,1374536.1391345698
2025-02-20 15:00:00,1372458.3346127735
2025-02-21 14:00:00,1381332.6571364834
2025-02-24 06:00:00,1376332.6571364834
2025-02-25 08:00:00,1371332.6571364834
2025-02-25 11:00:00,1366332.6571364834
2025-02-26 12:00:00,1361332.6571364834
2025-02-27 13:00:00,1356332.6571364834
2025-02-28 03:00:00,1351332.6571364834
2025-02-28 05:00:00,1346332.6571364834
2025-02-28 08:00:00,1341332.6571364834
2025-02-28 10:00:00,1336332.6571364834
2025-03-01 15:00:00,1337834.9756753307
2025-03-02 03:00:00,1332834.9756753307
2025-03-02 09:00:00,1327834.9756753307
2025-03-04 03:00:00,1322834.9756753307
2025-03-04 09:00:00,1317834.9756753307
2025-03-05 11:00:00,1347169.556479493
2025-03-06 01:00:00,1342169.556479493
2025-03-06 10:00:00,1337169.556479493
2025-03-07 10:00:00,1380310.6584223176
2025-03-08 15:00:00,1377242.3181154835
2025-03-09 13:00:00,1372242.3181154835
2025-03-11 02:00:00,1367242.3181154835
2025-03-11 14:00:00,1362242.3181154835
2025-03-12 03:00:00,1357242.3181154835
2025-03-13 02:00:00,1352242.3181154835
2025-03-14 14:00:00,1371619.8702543653
2025-03-15 08:00:00,1366619.8702543653
2025-03-17 06:00:00,1361619.8702543653
2025-03-18 08:00:00,1356619.8702543653
2025-03-19 15:00:00,1368150.155268598
2025-03-20 01:00:00,1363150.155268598
2025-03-20 10:00:00,1358150.155268598
2025-03-24 05:00:00,1368848.4547310602
2025-03-24 09:00:00,1363848.4547310602
2025-03-24 13:00:00,1358848.4547310602
2025-03-25 10:00:00,1353848.4547310602
2025-03-28 12:00:00,1367638.5272745353
2025-03-29 12:00:00,1381062.925508744
2025-03-30 15:00:00,1381545.4811232786
2025-03-31 13:00:00,1398502.3411470407
2025-04-01 12:00:00,1393502.3411470407
2025-04-02 09:00:00,1388502.3411470407
2025-04-03 01:00:00,1383502.3411470407
2025-04-03 09:00:00,1378502.3411470407
2025-04-04 09:00:00,1394044.3787318883
2025-04-04 11:00:00,1409843.37156826
2025-04-06 08:00:00,1404843.37156826
2025-04-07 05:00:00,1399843.37156826
2025-04-07 15:00:00,1464287.3696937198
2025-04-08 03:00:00,1459287.3696937198
2025-04-09 07:00:00,1454287.3696937198
2025-04-11 02:00:00,1449287.3696937198
2025-04-11 10:00:00,1463276.1441339839
2025-04-11 12:00:00,1458276.1441339839
2025-04-12 15:00:00,1478075.8655690735
2025-04-15 15:00:00,1472903.6530763707
2025-04-16 13:00:00,1467903.6530763707
2025-04-21 15:00:00,1482765.5264333785
2025-04-22 04:00:00,1477765.5264333785
2025-04-22 14:00:00,1489061.4593479666
2025-04-23 01:00:00,1484061.4593479666
2025-04-23 15:00:00,1480014.6534340628
2025-04-24 15:00:00,1476212.9863007136
2025-04-25 03:00:00,1471212.9863007136
2025-04-25 13:00:00,1482051.2918581741
2025-04-26 15:00:00,1486319.8293557968
2025-04-28 03:00:00,1481319.8293557968
2025-04-29 15:00:00,1482520.5118490034
2025-04-30 12:00:00,1477520.5118490034
2025-05-01 11:00:00,1486462.9772567505
2025-05-02 09:00:00,1481462.9772567505
2025-05-05 03:00:00,1476462.9772567505
2025-05-05 15:00:00,1477642.272654311
2025-05-07 04:00:00,1472642.272654311
2025-05-07 15:00:00,1473632.851833575
2025-05-08 05:00:00,1487098.5349300685
2025-05-08 15:00:00,1489346.1994661365
2025-05-09 15:00:00,1487388.2659583339
2025-05-10 15:00:00,1486741.660156253
2025-05-11 02:00:00,1481741.660156253
2025-05-11 15:00:00,1480246.9061678469
2025-05-13 10:00:00,1475246.9061678469
2025-05-15 07:00:00,1482907.3797017515
2025-05-15 13:00:00,1490260.9190791307
2025-05-16 09:00:00,1485260.9190791307
2025-05-17 15:00:00,1484163.4161411251
2025-05-19 02:00:00,1479163.4161411251
2025-05-19 15:00:00,1471193.9753593053
2025-05-20 08:00:00,1466193.9753593053
2025-05-21 09:00:00,1461193.9753593053
2025-05-22 15:00:00,1471890.0890134915
2025-05-23 05:00:00,1466890.0890134915
2025-05-23 10:00:00,1461890.0890134915
2025-05-24 12:00:00,1480255.3802319681
2025-05-25 04:00:00,1475255.3802319681
2025-05-25 15:00:00,1476908.6719543638
2025-05-26 08:00:00,1485733.0813639178
2025-05-27 04:00:00,1480733.0813639178
2025-05-28 15:00:00,1488924.8289367335
2025-05-29 15:00:00,1480030.7269362533
2025-05-30 15:00:00,1483699.9311539468
2025-05-31 15:00:00,1479748.4260246817
2025-06-02 04:00:00,1474748.4260246817
2025-06-02 10:00:00,1469748.4260246817
2025-06-02 15:00:00,1471635.2004066913
2025-06-03 05:00:00,1466635.2004066913
2025-06-04 15:00:00,1472504.8357117418
2025-06-06 15:00:00,1486478.6333215984
2025-06-07 15:00:00,1496491.1017832605
2025-06-09 15:00:00,1500747.598116055
2025-06-12 04:00:00,1495747.598116055
2025-06-12 15:00:00,1498563.4861312793
2025-06-13 01:00:00,1493563.4861312793
2025-06-13 15:00:00,1510889.21978491
2025-06-14 15:00:00,1513399.3731903625
2025-06-15 09:00:00,1508399.3731903625
2025-06-16 07:00:00,1521146.6448592832
2025-06-16 14:00:00,1516146.6448592832
2025-06-17 15:00:00,1534222.4709404735
2025-06-19 13:00:00,1529222.4709404735
2025-06-20 07:00:00,1539575.2349720525
2025-06-20 13:00:00,1534575.2349720525
2025-06-21 15:00:00,1532021.6364187803
2025-06-23 10:00:00,1527021.6364187803
2025-06-24 07:00:00,1522021.6364187803
2025-06-25 13:00:00,1537546.3106162022
2025-06-26 15:00:00,1537653.6480223937
2025-06-27 01:00:00,1532653.6480223937
2025-06-28 15:00:00,1532321.3225816346
2025-07-01 14:00:00,1527321.3225816346
2025-07-02 15:00:00,1543425.3265482045
2025-07-04 14:00:00,1553499.3864770168
2025-07-07 06:00:00,1548499.3864770168
2025-07-07 15:00:00,1551715.6377227367
2025-07-08 06:00:00,1546715.6377227367
2025-07-08 15:00:00,1544722.1752399015
2025-07-09 05:00:00,1539722.1752399015
2025-07-10 13:00:00,1534722.1752399015
2025-07-11 15:00:00,1536693.6754819893
2025-07-13 14:00:00,1543988.9491707494
2025-07-14 03:00:00,1559368.3632123044
2025-07-14 05:00:00,1554368.3632123044
2025-07-14 07:00:00,1549368.3632123044
2025-07-15 03:00:00,1568607.9509330427
2025-07-16 15:00:00,1579008.7473370754
2025-07-17 14:00:00,1574008.7473370754
2025-07-18 07:00:00,1569008.7473370754
2025-07-19 14:00:00,1564008.7473370754
2025-07-21 09:00:00,1559008.7473370754
2025-07-22 13:00:00,1554008.7473370754
2025-07-23 12:00:00,1549008.7473370754
2025-07-24 07:00:00,1544008.7473370754
2025-07-25 03:00:00,1559158.912248282
2025-07-25 07:00:00,1554158.912248282
2025-07-26 15:00:00,1559032.797407448
2025-07-27 15:00:00,1561363.538877378
2025-07-30 11:00:00,1556363.538877378
2025-07-31 13:00:00,1551363.538877378
2025-08-01 07:00:00,1546363.538877378
2025-08-01 09:00:00,1541363.538877378
2025-08-02 15:00:00,1548902.2918089419
2025-08-03 15:00:00,1551180.7438757843
2025-08-04 05:00:00,1546180.7438757843
2025-08-05 10:00:00,1541180.7438757843
2025-08-06 15:00:00,1552270.380918077
2025-08-07 08:00:00,1547270.380918077
2025-08-07 15:00:00,1550214.9291419194
2025-08-09 05:00:00,1545214.9291419194
2025-08-09 15:00:00,1543385.9979924075
2025-08-10 05:00:00,1538385.9979924075
2025-08-11 02:00:00,1550091.8828666091
2025-08-11 12:00:00,1564699.1146478686
2025-08-12 12:00:00,1559699.1146478686
2025-08-13 08:00:00,1554699.1146478686
2025-08-13 13:00:00,1566281.7006476768
2025-08-14 04:00:00,1561281.7006476768
2025-08-14 12:00:00,1579101.3138691655
2025-08-17 15:00:00,1578088.354579991
2025-08-18 01:00:00,1587193.3908031522
2025-08-18 09:00:00,1582193.3908031522
2025-08-20 11:00:00,1577193.3908031522
2025-08-21 14:00:00,1572193.3908031522
2025-08-23 15:00:00,1578793.825565748
2025-08-25 15:00:00,1580174.9807671641
2025-08-26 01:00:00,1575174.9807671641
2025-08-28 15:00:00,1572535.320513842
2025-08-29 08:00:00,1588390.8287032074
2025-08-29 12:00:00,1603196.0135648863
2025-08-30 03:00:00,1598196.0135648863
2025-08-31 04:00:00,1593196.0135648863
2025-09-02 11:00:00,1588196.0135648863
2025-09-04 15:00:00,1601028.96868021
2025-09-05 12:00:00,1615588.396781273
2025-09-06 15:00:00,1618561.652840073
2025-09-07 15:00:00,1620844.06690277
2025-09-08 15:00:00,1629206.660955081
2025-09-09 04:00:00,1624206.660955081
2025-09-20 15:00:00,1624367.99330144
2025-09-22 05:00:00,1619367.99330144
2025-09-22 09:00:00,1614367.99330144
2025-09-23 05:00:00,1609367.99330144
2025-09-24 04:00:00,1604367.99330144
2025-12-28 09:00:00,1599367.99330144
2025-12-28 15:00:00,1599015.033505838
2025-12-29 02:00:00,1607765.907929673
2025-12-29 07:00:00,1602765.907929673
2025-12-30 14:00:00,1614615.569692061
2025-12-31 15:00:00,1607170.1407249747
2026-01-01 12:00:00,1602170.1407249747
2026-01-02 10:00:00,1612451.9463923108
2026-01-03 06:00:00,1607451.9463923108
2026-01-03 12:00:00,1602451.9463923108
2026-01-04 15:00:00,1602289.9280820522
2026-01-05 01:00:00,1612532.195692165
2026-01-05 14:00:00,1607532.195692165
2026-01-06 11:00:00,1602532.195692165
2026-01-07 02:00:00,1597532.195692165
2026-01-08 15:00:00,1599317.7352406566
2026-01-09 15:00:00,1594570.7899572449
2026-01-12 02:00:00,1605396.8965977454
2026-01-14 04:00:00,1600396.8965977454
2026-01-16 06:00:00,1595396.8965977454
2026-01-19 01:00:00,1590396.8965977454
2026-01-19 15:00:00,1595722.596068416
2026-01-20 06:00:00,1607548.7553440568
2026-01-20 08:00:00,1602548.7553440568
2026-01-22 13:00:00,1597548.7553440568
2026-01-23 13:00:00,1592548.7553440568
2026-01-24 15:00:00,1596210.2587812499
